,subject,spam
0,"['friend', 'xcomma', 'copy', 'any', 'dvd', 'or', 'playstation', 'game', 'with', 'this', 'software', 'xdot', 'xdot', 'xdot', 'xdot', 'xdot', 'xdot']",1
1,"['xpercent', 'guaranteed', 'for', 'eight', 'years']",1
2,"['congratulations', 'xclaim', 'you', 'get', 'a', 'free', 'handheld', 'organizer', 'xclaim']",1
3,"['one', 'of', 'a', 'kind', 'money', 'maker', 'xclaim', 'try', 'it', 'for', 'free', 'xclaim']",1
4,"['online', 'doctors', 'will', 'fill', 'your', 'viagra', 'prescription', 'now', 'xclaim', 'xclaim', 'xclaim', 'qeeb']",1
5,"['take', 'your', 'marketing', 'to', 'the', 'next', 'level']",1
6,"['one', 'sale', 'xhyphen', 'three', 'commission', 'streams']",1
7,"['find', 'peace', 'xcomma', 'harmony', 'xcomma', 'tranquility', 'xcomma', 'and', 'happiness', 'right', 'now', 'xclaim']",1
8,"['adv', 'xcomma', 'extended', 'auto', 'warranties', 'here', 'undoc']",1
9,"['definitely', 'the', 'answer', 'many', 'have', 'been', 'waiting', 'for', 'xclaim', 'xclaim']",1
10,"['save', 'xdollar', 'xcomma', 'maybe', 'xdollar', 'xcomma', 'xdigit', 'with', 'no', 'lender', 'fees', 'xdot', 'click', 'here', 'xclaim']",1
11,"['get', 'the', 'computer', 'skills', 'you', 'need', 'xhyphen', 'free']",1
12,"['xlsquareb', 'wm', 'xrsquareb', 'ceviri', 'yazilimlari']",1
13,"['let', 'me', 'know', 'what', 'you', 'think', 'xclaim', 'xdigit']",1
14,"['international', 'calls', 'for', 'only', 'xdigit', 'cents', 'per', 'minute', 'with', 'no', 'subscription']",1
15,"['garden', 'ornaments', 'xpipe', 'ppu']",1
16,"['a', 'marketplace', 'where', 'lenders', 'compete', 'for', 'your', 'business', 'lfhlxhu']",1
17,"['cheap', 'fags']",1
18,"['hey', 'xcomma', 'rates', 'are', 'low', 'xdot', 'what', 'are', 'you', 'waiting', 'for', 'xquestionm']",1
19,"['one', 'of', 'a', 'kind', 'money', 'maker', 'xclaim', 'try', 'it', 'for', 'free', 'xclaim']",1
20,"['xequal', 'xquestionm', 'iso', 'xhyphen', 'xdigit', 'xhyphen', 'jp', 'xquestionm', 'b', 'xquestionm', 'xexotic', 'xquestionm', 'xequal']",1
21,"['xlsquareb', 'ilug', 'xhyphen', 'social', 'xrsquareb', 'lose', 'xdigit', 'xdot', 'xexotic', 'in', 'xdigit', 'weeks', 'xclaim']",1
22,"['outstanding', 'opportunities', 'for', 'xquote', 'premier', 'producers', 'xquote']",1
23,"['re', 'xcomma', 'girls']",1
24,"['attn', 'xcomma', 'targeted', 'email', 'addresses']",1
25,"['your', 'ebay', 'account', 'is', 'about', 'to', 'expire', 'xclaim']",1
26,"['xequal', 'xquestionm', 'iso', 'xhyphen', 'xdigit', 'xhyphen', 'jp', 'xquestionm', 'b', 'xquestionm', 'xexotic', 'xquestionm', 'xequal']",1
27,"['act', 'now', 'xhyphen', 'reach', 'hundreds', 'of', 'prospects']",1
28,['relationship'],1
29,"['re', 'xcomma', 'protect', 'your', 'computer', 'xcomma', 'you', 'need', 'systemworks', 'xclaim', 'coxr']",1
30,"['one', 'of', 'a', 'kind', 'money', 'maker', 'xclaim', 'try', 'it', 'for', 'free', 'xclaim']",1
31,"['neu', 'im', 'handel', 'xclaim', 'xexotic', 'xhyphen', 'ausgabe', 'nr', 'xdot', 'xdigit']",1
32,"['fbi', 'xampersand', 'irs', 'seized', 'goods', 'at', 'xpercent', 'off', 'xclaim', 'police', 'auctions', 'xclaim']",1
33,"['re', 'xcomma', 'important', 'information', 'concerning', 'your', 'bank', 'account']",1
34,"['xlsquareb', 'ilug', 'xhyphen', 'social', 'xrsquareb', 'poker', 'for', 'money', 'againts', 'real', 'players']",1
35,"['xclaim', 'gorgeous', 'xcomma', 'custom', 'websites', 'xhyphen', 'xdollar', 'complete', 'xclaim', 'xlbracket', 'xexotic', 'xhyphen', 'xexotic', 'xrbracket']",1
36,"['wives', 'and', 'girlfriends', 'cheating', 'and', 'whoring', 'around']",1
37,"['ou', 'wei', 'lighting', 'xcomma', 'nights', 'will', 'be', 'lightening', 'xclaim']",1
38,"['the', 'best', 'possible', 'mortgage']",1
39,"['xlsquareb', 'ilug', 'xrsquareb', 're', 'xcomma', 'this', 'is', 'no', 'joke', 'xclaim', 'speed', 'up', 'your', 'cpu', 'for', 'under', 'xdollar', 'xclaim']",1
40,"['re', 'xcomma', 'here', 'is', 'your', 'free', 'access']",1
41,"['xdigit', 'cd', 'package', 'xcomma', 'xdigit', 'million', 'email', 'addresses', 'xplus', 'xdigit', 'xdot', 'xdigit', 'mil', 'fax', 'numbers', 'xdollar', 'xdot', 'xdigit']",1
42,"['you', 'can', 'watch', 'me']",1
43,"['up', 'to', 'xdollar', 'xcomma', 'xdigit', 'xdot', 'xdigit', 'part', 'time', 'xdigit']",1
44,"['let', 'us', 'find', 'the', 'right', 'mortgage', 'lender', 'for', 'you', 'afpe']",1
45,"['home', 'reps', 'wanted', 'xhyphen', 'fortune', 'xdigit', 'comp', 'hiring']",1
46,"['msnbc', 'xcomma', 'rates', 'hit', 'xdigit', 'year', 'low', 'xdigit', 'xdot', 'xpercent', 'xdot', 'xdot', 'xdot', 'xdigit']",1
47,"['re', 'xcomma', 'adult', 'classifieds']",1
48,"['term', 'insurance', 'is', 'out']",1
49,"['get', 'in', 'at', 'the', 'top', 'xclaim']",1
50,"['get', 'xdollar', 'free', 'xhyphen', 'beat', 'the', 'house', 'at', 'royal', 'vegas', 'xclaim']",1
51,"['help', 'wanted', 'xdot', 'work', 'from', 'home', 'reps', 'xdot']",1
52,"['sps', 'se', 'odrekao', 'slobodana', 'milosevica']",1
53,"['re', 'xcomma', 'want', 'to', 'go', 'on', 'a', 'date', 'xquestionm']",1
54,"['industry', 'forum', 'xhash', 'xdigit']",1
55,"['get', 'out', 'of', 'debt', 'quick', 'xclaim', 'xexotic', 'xhyphen', 'xexotic', 'xhyphen', 'xdigit', 'xhyphen', 'xdigit']",1
56,"['dont', 'waste', 'your', 'time', 'xclaim', 'xclaim', 'xclaim', 'why', 'xquestionm']",1
57,"['powerball', 'results', 'saturday', 'september', 'xdigit', 'xcomma', 'xdigit', 'estimated', 'jackpot', 'xdollar', 'million']",1
58,"['make', 'money', 'giving', 'away', 'free', 'stuff', 'xclaim']",1
59,"['anticaipting', 'to', 'hearing', 'from', 'you', 'soon', 'xdot']",1
60,"['everybody', 'gets', 'paid', 'xhyphen', 'no', 'recruiting', 'needed']",1
61,"['low', 'price', 'tobacco']",1
62,"['cigarettes', 'wholesale', 'xclaim', 'hywwzzlzd']",1
63,"['introducing', 'chase', 'platinum', 'for', 'students', 'with', 'a', 'xpercent', 'introductory', 'apr']",1
64,"['mothers', 'you', 'want', 'to', 'fuck']",1
65,"['newsletter', 'xexotic', 'xhyphen', 'septembre', 'xdigit']",1
66,"['pics', 'for', 'you']",1
67,"['boost', 'your', 'cell', 'signal', 'xdot', 'xdot', 'xdot', 'xdigit']",1
68,"['xlsquareb', 'ilug', 'xrsquareb', 'create', 'a', 'paycheck', 'with', 'your', 'computer', 'and', 'enjoy', 'cheap', 'isp', 'xampersand', 'shopping', 'discount', 'xdot']",1
69,"['friend', 'xcomma', 'instantly', 'copy', 'any', 'dvd', 'or', 'playstation', 'game', 'with', 'this', 'software', 'xdot', 'xdot', 'xdot', 'xdot', 'xdot', 'xdot']",1
70,"['partnership', 'xdot']",1
71,"['we', 'build', 'the', 'internet', 'xdot', 'webxperts', 'xdot', 'com', 'xlbracket', 'design', 'xslash', 'programming', 'xslash', 'consultation', 'xrbracket']",1
72,"['urgent', 'business', 'assistance', 'xdot']",1
73,"['xlsquareb', 'ilug', 'xrsquareb', 'discount', 'fags']",1
74,"['xlsquareb', 'ilug', 'xrsquareb', 'ilug', 'xcomma', 'bigger', 'xcomma', 'fuller', 'breasts', 'naturally', 'in', 'just', 'weeks']",1
75,"['fortune', 'xdigit', 'company', 'hiring', 'xcomma', 'at', 'home', 'reps', 'xdot']",1
76,"['xlsquareb', 'ilug', 'xrsquareb', 'business']",1
77,"['multiply', 'your', 'customer', 'base', 'xclaim']",1
78,"['xlsquareb', 'ilug', 'xhyphen', 'social', 'xrsquareb', 'best', 'replica', 'goods', 'xhyphen', 'best', 'prices']",1
79,"['join', 'the', 'web', 'hottest', 'xampersand', 'fastest', 'growing', 'community', 'xdigit', 'xdot', 'xdigit']",1
80,"['slim', 'factors', 'xhyphen', 'a', 'totally', 'new', 'approach', 'to', 'weight', 'loss']",1
81,"['paperless', 'publishing', 'is', 'here', 'and', 'now']",1
82,"['sps', 'se', 'odrekao', 'slobodana', 'milosevica']",1
83,"['xlsquareb', 'ilug', 'xrsquareb', 're', 'xcomma', 'popular', 'xdot', 'biz', 'and', 'xdot', 'com', 'extensions', 'for', 'only', 'xdollar', 'xdot', 'xdigit']",1
84,"['fw', 'xcomma', 'norton', 'systemworks', 'xdigit', 'final', 'clearance', 'sale', 'xclaim', 'djhl']",1
85,"['financial', 'power', 'you', 'can', 'depend', 'on']",1
86,"['may', 'i', 'have', 'a', 'moment', 'of', 'your', 'time', 'please']",1
87,"['taint', 'xdot', 'org']",1
88,"['funds', 'investment']",1
89,"['re', 'xcomma', 'xexotic', 'xdot', 'com']",1
90,"['shape', 'up', 'for', 'summer', 'now']",1
91,"['remeber', 'me', 'xquestionm']",1
92,"['xdot', 'message', 'report', 'from', 'your', 'contact', 'page', 'xdot', 'xdot', 'xdot', 'xdot', 'xslash', 'xslash', 'xexotic', 'rkq']",1
93,"['market', 'internet', 'access', 'xhyphen', 'no', 'investment', 'needed']",1
94,"['adv', 'xcomma', 'promote', 'your', 'website', 'xclaim']",1
95,"['get', 'the', 'money', 'you', 'need', 'while', 'mortgage', 'rates', 'are', 'down', 'xdot']",1
96,"['ein', 'news', 'xhyphen', 'free', 'trial']",1
97,"['adv', 'xcomma', 'extended', 'auto', 'warranties', 'here', 'iubrq']",1
98,"['claim', 'a', 'free', 'xdollar', 'kmart', 'xlbracket', 'r', 'xrbracket', 'gift', 'card', 'xclaim']",1
99,"['www', 'form', 'submission']",1
100,"['xlsquareb', 'ilug', 'xhyphen', 'social', 'xrsquareb', 'urgent', 'assistant', 'needed']",1
101,"['uk', 'leading', 'pc', 'specialist']",1
102,"['adv', 'xcomma', 'extended', 'auto', 'warranties', 'here', 'aanfh']",1
103,"['play', 'a', 'hilarious', 'phone', 'prank']",1
104,"['your', 'account', 'has', 'been', 'closed', 'xclaim']",1
105,"['business', 'partnership', 'xlbracket', 'urgent', 'xslash', 'confidential', 'xrbracket']",1
106,"['get', 'a', 'free', 'bottle', 'of', 'wine', 'xampersand', 'tasting', 'kit']",1
107,"['welcome', 'to', 'the', 'concept', 'of', 'residual', 'income', 'xclaim']",1
108,"['xexotic', 'xhyphen', 'xhyphen', 'xhyphen', 'xhyphen', 'freak', 'me', 'xhyphen', 'xhyphen', 'xhyphen', 'xhyphen', 'xexotic']",1
109,"['xhyphen', 'xhyphen', 'xhyphen', 'xexotic', 'undervalued', 'company']",1
110,"['please', 'help', 'home', 'entertainment', 'companies', 'with', 'survey', 'xhyphen', 'win', 'a', 'dvr', 'xclaim']",1
111,"['re', 'xcomma', 'domain', 'registration', 'savings']",1
112,"['xlsquareb', 'wm', 'xrsquareb', 'zr', 'dileriz']",1
113,"['zzzz', 'xcomma', 'do', 'we', 'have', 'your', 'money', 'xquestionm']",1
114,"['hosting', 'from', 'xquestionm', 'xdigit', 'xdot', 'xdigit', 'per', 'month']",1
115,"['congratulations', 'on', 'your', 'xdigit', 'new', 'signups']",1
116,"['guaranteed', 'best', 'mortgage', 'rate']",1
117,"['re', 'xcomma', 'systemworks', 'clearance', 'sale', 'xunderscore', 'limited', 'quantities', 'xunderscore', 'only', 'xdollar', 'xdot', 'xdigit', 'tj']",1
118,"['a', 'must', 'have', 'for', 'xquote', 'gadget', 'xquote', 'lovers', 'xdigit', 'xhyphen', 'xdigit']",1
119,"['zzzz', 'xcomma', 'all', 'new', 'xclaim', 'breast', 'enhancement']",1
120,"['attn', 'xcomma', 'protect', 'yourself', 'against', 'harmful', 'viruses', 'xclaim', 'sonlsnaik']",1
121,"['xlsquareb', 'ilug', 'xrsquareb', 'from', 'the', 'desk', 'of', 'xcomma', 'george', 'osawa']",1
122,"['xequal', 'xquestionm', 'gbk', 'xquestionm', 'b', 'xquestionm', 'xexotic', 'xplus', 'xexotic', 'xslash', 'xexotic', 'xslash', 'seo', 'xequal', 'xquestionm', 'xequal']",1
123,"['iiu', 'xdot', 'taint', 'xdot', 'org']",1
124,"['fortune', 'xdigit', 'work', 'at', 'home', 'reps', 'needed', 'xclaim']",1
125,"['vacation', 'time', 'xcomma', 'house', 'need', 'work', 'xcomma', 'behind', 'in', 'bills', 'xquestionm', 'refinance', 'while', 'rates', 'are', 'low']",1
126,"['email', 'marketing']",1
127,"['xlsquareb', 'ilug', 'xrsquareb', 'seeking', 'your', 'partnership']",1
128,"['xlbracket', 'xunderscore', 'xrbracket', 'increase', 'your', 'sales', 'xclaim', 'xclaim', 'xclaim', 'xclaim']",1
129,"['xasterisk', 'xasterisk', 'you', 'are', 'approved', 'xdot', 'xasterisk', 'xasterisk']",1
130,"['please', 'help', 'home', 'entertainment', 'companies', 'with', 'survey', 'xhyphen', 'win', 'a', 'dvr', 'xclaim']",1
131,"['half', 'price', 'cigarettes', 'and', 'tobacco']",1
132,"['help', 'wanted', 'xdot', 'work', 'from', 'home', 'reps', 'xdot']",1
133,"['earn', 'xdollar', 'xcomma', 'xdigit', 'a', 'year', 'as', 'a', 'day', 'trader', 'xclaim']",1
134,"['unleash', 'your', 'pc', 'multimedia', 'power', 'at', 'xpercent', 'off', 'retail', 'xclaim']",1
135,"['are', 'you', 'in', 'the', 'mood', 'xghtmtggc']",1
136,"['xlsquareb', 'scoop', 'xrsquareb', 'xdot', 'xdot', 'xdot', 'xdot', 'it', 'is', 'not', 'my', 'fault', 'xdot', 'xdot', 'xhyphen', 'vwiid']",1
137,"['incredible', 'pictures', 'xclaim', 'xclaim', 'xclaim', 'xclaim', 'xclaim', 'xclaim', 'xclaim', 'xclaim']",1
138,"['ou', 'wei', 'lighting', 'xcomma', 'nights', 'will', 'be', 'lightening', 'xclaim']",1
139,"['xlsquareb', 'ilug', 'xrsquareb', 'xexotic']",1
140,"['behind', 'every', 'elite', 'producer', 'xdot', 'xdot', 'xdot']",1
141,"['found', 'a', 'secret', 'link', 'adv']",1
142,"['we', 'dare', 'you', 'to', 'find', 'a', 'better', 'annuity']",1
143,"['did', 'i', 'give', 'you', 'the', 'money', 'yet', 'xquestionm', 'dlra']",1
144,"['adv', 'xcomma', 'mortgage', 'quotes', 'fast', 'online', 'xcomma', 'no', 'cost']",1
145,"['approved', 'online', 'xcomma', 'internet', 'xcomma', 'buy', 'viagra', 'sjhfl']",1
146,"['teen', 'lesbian', 'website']",1
147,"['the', 'best', 'critical', 'illness', 'policy', 'on', 'the', 'market']",1
148,"['guaranteed', 'to', 'lose', 'xdigit', 'xhyphen', 'xdigit', 'lbs', 'in', 'xdigit', 'days', 'with', 'slim', 'patch', 'xdigit', 'xdot', 'xdigit']",1
149,"['xequal', 'xquestionm', 'xexotic', 'xquestionm', 'b', 'xquestionm', 'xexotic', 'xplus', 'xexotic', 'xplus', 'xquestionm', 'xequal']",1
150,['private'],1
151,"['shape', 'up', 'for', 'summer', 'now']",1
152,"['xlsquareb', 'ilug', 'xrsquareb', 'stop', 'the', 'mlm', 'insanity']",1
153,"['work', 'at', 'home', 'xhyphen', 'xdollar', 'a', 'month']",1
154,"['you', 'have', 'been', 'hand', 'selected', 'xdot', 'xdot', 'xdot', 'free', 'info', 'xclaim']",1
155,"['get', 'on', 'the', 'bus', 'xdot', 'xdot', 'gbvzzzz']",1
156,"['university', 'diplomas']",1
157,"['free', 'shipping', 'on', 'all', 'orders', 'at', 'blair', 'xdot', 'com']",1
158,"['life', 'insurance', 'xhyphen', 'why', 'pay', 'more', 'xquestionm']",1
159,"['xdigit', 'free', 'movie', 'tickets', 'for', 'doing', 'a', 'xdigit', 'minute', 'survey', 'xclaim', 'any', 'movie', 'xcomma', 'any', 'theater', 'xclaim']",1
160,"['your', 'shipment', 'status']",1
161,"['start', 'your', 'private', 'photo', 'album', 'online', 'xclaim', 'xdigit', 'xdot', 'xdigit']",1
162,"['make', 'a', 'fortune', 'on', 'ebay', 'xdigit']",1
163,"['re', 'xcomma', 'super', 'charge', 'your', 'desktop', 'or', 'laptop', 'today', 'xclaim', 'xdigit']",1
164,"['the', 'government', 'grants', 'you', 'xdollar', 'xcomma', 'xdigit', 'xclaim']",1
165,"['free', 'big', 'cock', 'in', 'pussy']",1
166,"['http', 'xcomma', 'xslash', 'xslash', 'www', 'xdot', 'efi', 'xdot', 'ie', 'xslash']",1
167,"['i', 'just', 'put', 'my', 'webcam', 'on', 'xexotic', 'hunnie', 'xequal', 'xrbracket']",1
168,"['take', 'advantage', 'of', 'this', 'offer', 'xdigit']",1
169,"['new', 'technology', 'xhyphen', 'digital', 'video', 'recorder', 'xlbracket', 'smart', 'ip', 'technology', 'xrbracket']",1
170,"['immediate', 'reply', 'needed']",1
171,"['xequal', 'xquestionm', 'iso', 'xhyphen', 'xdigit', 'xhyphen', 'jp', 'xquestionm', 'b', 'xquestionm', 'gyrctcq', 'xplus', 'xexotic', 'xquestionm', 'xequal']",1
172,"['best', 'long', 'distance', 'on', 'the', 'net', 'xhyphen', 'xdigit', 'xdot', 'xdigit', 'cents', 'with', 'no', 'monthly', 'fees']",1
173,"['work', 'from', 'home', 'xdot', 'we', 'are', 'hiring']",1
174,"['first', 'time', 'generic', 'v', 'xasterisk', 'agra', 'under', 'xdollar', 'per', 'xexotic']",1
175,"['xdollar', 'xdot', 'xdigit', 'per', 'year', 'for', 'xdot', 'com', 'xcomma', 'xdot', 'biz', 'xcomma', 'and', 'xdot', 'info', 'extensions']",1
176,"['congratualtions', 'xexotic', 'xclaim', 'xclaim', 'xclaim']",1
177,"['xhyphen', 'xexotic', 'in', 'the', 'news', 'today', 'xexotic', 'xhyphen', 'xhyphen', 'xhyphen', 'xhyphen']",1
178,"['fw', 'xcomma', 'short', 'term', 'buy', 'recommendation']",1
179,"['one', 'sale', 'xhyphen', 'three', 'commission', 'streams']",1
180,"['z', 'xhyphen', 'app', 'the', 'competition', 'with', 'roster']",1
181,"['join', 'xampersand', 'get', 'xdigit', 'dvds', 'for', 'xdigit', 'ea', 'xdot', 'xlbracket', 'xplus', 'shipping', 'xampersand', 'processing', 'xrbracket', 'xclaim', 'details', 'inside', 'xdot', 'xdot', 'xdot']",1
182,"['fwd', 'xcomma', 'norton', 'systemworks', 'clearance', 'sale', 'xclaim']",1
183,"['xlsquareb', 'ilug', 'xhyphen', 'social', 'xrsquareb', 'please', 'kindly', 'get', 'back', 'to', 'me']",1
184,"['meet', 'other', 'singles', 'just', 'like', 'you']",1
185,"['chicago', 'meeting', 'site']",1
186,"['a', 'cry', 'for', 'help']",1
187,"['make', 'xdollar', 'xhyphen', 'xdollar', 'xslash', 'week', 'on', 'ebay', 'xdigit']",1
188,"['xexotic', 'let', 'a', 'computer', 'virus', 'ruin', 'your', 'day', 'xclaim', 'xdigit']",1
189,"['email', 'marketing', 'info']",1
190,"['norton', 'systemworks', 'xdigit', 'clearance', 'sale', 'xclaim', 'xexotic', 'xhyphen', 'xexotic', 'xhyphen', 'xdigit']",1
191,"['new', 'version', 'xdigit', 'xcomma', 'uncover', 'the', 'truth', 'about', 'anyone', 'xclaim']",1
192,"['xlsquareb', 'ilug', 'xhyphen', 'social', 'xrsquareb', 'hello']",1
193,"['xequal', 'xquestionm', 'xexotic', 'xquestionm', 'b', 'xquestionm', 'xexotic', 'xplus', 'rvh', 'xquestionm', 'xequal']",1
194,"['a', 'better', 'investment', 'than', 'the', 'stock', 'market', 'xdot']",1
195,"['join', 'the', 'web', 'fastest', 'growing', 'singles', 'community', 'xdigit', 'xdot', 'xdigit']",1
196,"['free', 'health', 'insurance', 'quotes']",1
197,"['welcome', 'to', 'offerclub', 'xclaim']",1
198,"['link', 'to', 'my', 'webcam', 'you', 'wanted']",1
199,"['xexotic', 'convergence', 'india', 'xdigit', 'exhibition', 'xampersand', 'conference']",1
200,"['hottest', 'babes', 'xclaim', 'xexotic', 'xhyphen', 'xhyphen', 'xdigit']",1
201,"['too', 'busy', 'earning', 'a', 'living', 'to', 'make', 'any', 'money']",1
202,"['attn', 'xcomma', 'how', 'about', 'being', 'a', 'few', 'pounds', 'lighter', 'xquestionm', 'olibykn']",1
203,"['make', 'huge', 'profits', 'on', 'ebay', 'xdigit']",1
204,"['adv', 'xcomma', 'extended', 'auto', 'warranties', 'here', 'dhzbj']",1
205,"['enter', 'chinese', 'market']",1
206,"['make', 'your', 'prints', 'beautiful', 'xampersand', 'save', 'big', 'xclaim', 'oydqh']",1
207,"['get', 'the', 'computer', 'skills', 'you', 'need', 'xhyphen', 'free']",1
208,"['looking', 'for', 'property', 'in', 'spain', 'xquestionm']",1
209,"['xlsquareb', 'ilug', 'xrsquareb', 'hello']",1
210,"['invite', 'xcomma', 'content', 'management', 'summit', 'xcomma', 'oct', 'xdot', 'xexotic', 'new', 'york', 'city']",1
211,"['interest', 'rates', 'at', 'forty', 'yr', 'xdot', 'lows']",1
212,"['xlsquareb', 'ilug', 'xrsquareb', 'join', 'the', 'web', 'fastest', 'growing', 'singles', 'community', 'xdigit', 'xdot', 'xdigit']",1
213,"['multiply', 'your', 'customer', 'base', 'xclaim']",1
214,"['attn', 'xcomma', 'norton', 'systemworks', 'clearance', 'sale', 'xunderscore', 'only', 'xdollar', 'xdot', 'xdigit', 'xclaim', 'y']",1
215,"['xlsquareb', 'ilug', 'xhyphen', 'social', 'xrsquareb', 're', 'xcomma', 'guaranteed', 'to', 'lose', 'xdigit', 'xhyphen', 'xdigit', 'lbs', 'in', 'xdigit', 'days', 'xdigit', 'xdot', 'xdigit']",1
216,"['get', 'your', 'own', 'fountain', 'of', 'youth', 'xclaim', 'hgh', 'human', 'growth', 'hormone', 'from', 'xexotic', 'century', 'xclaim', 'xdigit']",1
217,"['commissions', 'too', 'high', 'to', 'publish']",1
218,"['tell', 'these', 'cam', 'sluts', 'what', 'to', 'do']",1
219,"['xlsquareb', 'ilug', 'xhyphen', 'social', 'xrsquareb', 'urgent', 'assistance']",1
220,"['market', 'internet', 'access', 'xhyphen', 'no', 'investment', 'needed']",1
221,"['information', 'for', 'you']",1
222,"['xlsquareb', 'ilug', 'xrsquareb', 'guaranteed', 'to', 'lose', 'xdigit', 'xhyphen', 'xdigit', 'lbs', 'in', 'xdigit', 'days', 'xdigit', 'xdot', 'xdigit']",1
223,"['toners', 'and', 'inkjet', 'cartridges', 'for', 'less', 'xdot', 'xdot', 'xdot', 'xdot', 'noaz']",1
224,"['msnbc', 'xcomma', 'rates', 'hit', 'xdigit', 'year', 'low', 'xdigit', 'xdot', 'xpercent', 'xdot', 'xdot', 'xdot', 'xdigit']",1
225,"['xlsquareb', 'ilug', 'xrsquareb', 'here', 'is', 'the', 'information', 'you', 'requested']",1
226,"['one', 'of', 'a', 'kind', 'money', 'maker', 'xclaim', 'try', 'it', 'for', 'free', 'xclaim']",1
227,"['xlsquareb', 'ilug', 'xhyphen', 'social', 'xrsquareb', 'claim', 'your', 'xdollar', 'kmart', 'gift', 'card']",1
228,"['get', 'your', 'own', 'piece', 'of', 'history', 'xdot']",1
229,"['poker', 'for', 'money', 'againts', 'real', 'players']",1
230,"['a', 'revolution', 'in', 'the', 'pc', 'world', 'has', 'arrived', 'xdot', 'rsirtr']",1
231,"['teach', 'and', 'grow', 'rich']",1
232,"['re', 'xcomma', 'fw', 'xcomma', 'user', 'name', 'xampersand', 'password', 'to', 'membership', 'to', 'xdigit', 'sites', 'xexotic', 'xdot', 'com', 'pviqg']",1
233,"['grow', 'up', 'and', 'be', 'a', 'man', 'xclaim', 'abm']",1
234,"['the', 'debt', 'xhyphen', 'xdollar', 'program', 'skyxtgm']",1
235,"['wall', 'street', 'dirty', 'little', 'secret', 'xdot', 'xdot', 'xdot']",1
236,"['funds', 'investment']",1
237,"['plans', 'for', 'cable']",1
238,"['attn', 'xcomma', 'systemworks', 'clearance', 'sale', 'xunderscore', 'only', 'xdollar', 'xdot', 'xdigit', 'xdigit']",1
239,"['adv', 'xcomma', 'extended', 'auto', 'warranties', 'here', 'hvgxs']",1
240,"['xequal', 'xquestionm', 'iso', 'xhyphen', 'xdigit', 'xhyphen', 'jp', 'xquestionm', 'b', 'xquestionm', 'gyrctcq', 'xplus', 'xexotic', 'xquestionm', 'xequal']",1
241,"['ebay', 'powerseller', 'secrets', 'xdigit']",1
242,"['xlsquareb', 'ilug', 'xrsquareb', 'enter', 'chinese', 'market']",1
243,"['adv', 'xcomma', 'interest', 'rates', 'slashed', 'xclaim', 'don', 'not', 'wait', 'xclaim', 'ccaxc']",1
244,"['xlsquareb', 'ilug', 'xhyphen', 'social', 'xrsquareb', 'everybody', 'gets', 'paid', 'xhyphen', 'no', 'recruiting', 'needed']",1
245,"['xlsquareb', 'ilug', 'xrsquareb', 'best', 'replica', 'goods', 'xhyphen', 'best', 'prices']",1
246,"['this', 'one', 'will', 'make', 'you', 'money', 'xdigit', 'xslash', 'xdigit', 'xslash', 'xdigit', 'xdigit', 'xcomma', 'xdigit', 'xcomma', 'xdigit', 'pm']",1
247,"['fw', 'xcomma', 'virus', 'protection', 'is', 'a', 'must', 'xcomma', 'you', 'need', 'systemworks', 'xclaim', 'cptj']",1
248,"['xlsquareb', 'scoop', 'xrsquareb', 'ceviri', 'yazilimlari']",1
249,"['xlsquareb', 'ilug', 'xrsquareb', 'want', 'to', 'play', 'poker', 'with', 'other', 'people', 'online', 'xdot']",1
250,"['expand', 'your', 'business', 'with', 'our', 'money', 'xclaim']",1
251,"['best', 'life', 'insurance', 'xcomma', 'lowest', 'cost', 'xdot', 'xdot', 'xdot', 'nticy']",1
252,"['xhyphen', 'xhyphen', 'xexotic', 'direct', 'marketing', 'will', 'increase', 'sales', 'xdigit']",1
253,"['msnbc', 'xcomma', 'rates', 'hit', 'xdigit', 'year', 'low', 'xdigit', 'xdot', 'xpercent', 'xdot', 'xdot', 'xdot', 'xdigit']",1
254,"['xequal', 'xquestionm', 'xexotic', 'xquestionm', 'q', 'xquestionm', 're', 'xcomma', 'xequal', 'xexotic', 'xequal', 'da', 'xequal', 'aa', 'xequal', 'be', 'xequal', 'xexotic', 'xequal', 'xexotic', 'xequal', 'bb', 'xequal', 'dd', 'xequal', 'adn', 'xequal', 'xexotic', 'xequal', 'xexotic', 'xequal', 'xexotic', 'xequal', 'be', 'xequal', 'xexotic', 'xequal', 'xexotic', 'xpipe', 'xcomma', 'xequal', 'xexotic', 'xequal', 'xexotic', 'xunderscore', 'xequal', 'xexotic', 'xequal', 'xexotic', 'xequal', 'xexotic', 'xclaim', 'xquestionm', 'xequal']",1
255,"['fw', 'xcomma', 'make', 'money', 'fast', 'and', 'legal', 'xclaim', 'as', 'seen', 'on', 'tv', 'xclaim', 'xdollar', 'xplus']",1
256,"['re', 'xcomma', 'ink', 'prices', 'got', 'you', 'down', 'xquestionm', 'xdigit']",1
257,"['free', 'webbook', 'publishing', 'software', 'xhyphen', 'download', 'now', 'xclaim']",1
258,"['new', 'insurance', 'product', 'xhyphen', 'no', 'competition']",1
259,"['biz', 'xcomma', 'xdot', 'info', 'xcomma', 'xdot', 'com', 'for', 'only', 'xdollar', 'xdot', 'xdigit']",1
260,"['xasterisk', 'xasterisk', 'xasterisk', 'xasterisk', 'xasterisk', 'spam', 'xasterisk', 'xasterisk', 'xasterisk', 'xasterisk', 'xasterisk']",1
261,"['give', 'away', 'free', 'cd', 'xhyphen', 'earn', 'xdollar', 'in', 'xdigit', 'days', 'xclaim']",1
262,"['xequal', 'xquestionm', 'iso', 'xhyphen', 'xdigit', 'xhyphen', 'jp', 'xquestionm', 'b', 'xquestionm', 'xexotic', 'xquestionm', 'xequal']",1
263,"['free', 'hgh', 'xhyphen', 'look', 'xdigit', 'years', 'younger', 'in', 'xdigit', 'weeks', 'xclaim', 'xclaim', 'xclaim', 'hmuprzd']",1
264,"['xlsquareb', 'ilug', 'xrsquareb', 'we', 'need', 'your', 'assistance', 'to', 'invest', 'in', 'your', 'country']",1
265,"['penile', 'enlargement', 'method', 'xhyphen', 'guaranteed', 'xclaim']",1
266,"['online', 'doctors', 'will', 'fill', 'your', 'viagra', 'prescription', 'now', 'xclaim', 'xclaim', 'xclaim', 'qeeb']",1
267,"['re', 'xcomma', 'your', 'bank', 'account', 'information']",1
268,"['get', 'the', 'child', 'support', 'you', 'deserve', 'xdigit', 'xdot', 'xdigit']",1
269,"['double', 'your', 'life', 'insurance', 'at', 'no', 'extra', 'cost', 'xclaim', 'xdot', 'xdot', 'xdot', 'tctoom']",1
270,"['collect', 'your', 'money', 'xclaim', 'time', 'xcomma', 'xdigit', 'xcomma', 'xdigit', 'xcomma', 'xdigit', 'am']",1
271,"['adult', 'xcomma', 'free', 'access']",1
272,"['xasterisk', 'xasterisk', 'xasterisk', 'xasterisk', 'american', 'millionaire', 'reveals', 'his', 'secret', 'source', 'of', 'wealth', 'on', 'the', 'internet', 'xclaim', 'xclaim', 'xclaim']",1
273,"['shipment', 'status']",1
274,"['your', 'gateway', 'to', 'wealth']",1
275,"['never', 'pay', 'for', 'porn', 'again', 'xcomma', 'your', 'free', 'paysite', 'is', 'here', 'xclaim', 'xexotic', 'xhyphen', 'xexotic', 'xhyphen', 'xdigit', 'xhyphen', 'xdigit']",1
276,"['fw', 'xcomma', 're', 'xcomma', 'account', 'for', 'cum', 'shots', 'to', 'xcomma', 'xexotic', 'xdot', 'com', 'offerid', 'xcomma', 'qxjx']",1
277,"['online', 'doctors', 'will', 'fill', 'your', 'viagra', 'prescription', 'now', 'xclaim', 'xclaim', 'xclaim', 'qeeb']",1
278,"['xlsquareb', 'ilug', 'xrsquareb', 'xdollar', 'xcomma', 'xdigit', 'xslash', 'month', 'with', 'your', 'pc', 'xclaim', 'no', 'spam', 'xclaim', 'please', 'read', 'xclaim']",1
279,"['save', 'xpercent', 'on', 'ce', 'credits']",1
280,"['new', 'extensions', 'now', 'only', 'xdollar', 'xdot', 'xdigit']",1
281,"['testing', 'a', 'system', 'xcomma', 'please', 'delete']",1
282,"['low', 'price', 'smokes']",1
283,"['zzzz', 'xcomma', 'your', 'hgh', 'request', 'xclaim']",1
284,"['over', 'xdollar', 'xcomma', 'xdigit', 'per', 'year', 'possible', 'on', 'the', 'net', 'xclaim', 'no', 'illegal', 'mlm', 'junk', 'xclaim', 'time', 'xcomma', 'xdigit', 'xcomma', 'xdigit', 'xcomma', 'xdigit', 'pm']",1
285,"['xclaim', 'gorgeous', 'xcomma', 'custom', 'websites', 'xhyphen', 'xdollar', 'complete', 'xclaim', 'xlbracket', 'xexotic', 'xhyphen', 'xexotic', 'xrbracket']",1
286,"['introducing', 'hgh', 'xcomma', 'the', 'most', 'powerful', 'anti', 'xhyphen', 'obesity', 'drug', 'ever']",1
287,"['xequal', 'xquestionm', 'xexotic', 'xquestionm', 'q', 'xquestionm', 'xequal', 'xexotic', 'xequal', 'xexotic', 'xequal', 'xexotic', 'xequal', 'ad', 'xequal', 'ad', 'xequal', 'xexotic', 'xequal', 'xexotic', 'xequal', 'xexotic', 'xequal', 'xexotic', 'xequal', 'xexotic', 'xequal', 'xexotic', 'xequal', 'xexotic', 'xequal', 'xexotic', 'xequal', 'xexotic', 'xequal', 'xexotic', 'xequal', 'aa', 'xequal', 'xexotic', 'xequal', 'xexotic', 'xequal', 'xexotic', 'xequal', 'xexotic', 'xequal', 'dc', 'xquestionm', 'xequal']",1
288,"['hit', 'the', 'road', 'with', 'cna']",1
289,"['xdigit', 'xdot', 'xpercent', 'annuity', 'w', 'xslash', 'xdigit', 'xdot', 'xpercent', 'lifetime', 'bailout']",1
290,"['xlsquareb', 'ilug', 'xrsquareb', 'important', 'xdot']",1
291,"['adv', 'xcomma', 'lowest', 'life', 'insurance', 'rates', 'available', 'xclaim', 'hsdpr']",1
292,"['herbal', 'viagra', 'xdigit', 'day', 'trial', 'xdot', 'xdot', 'xdot', 'xdot', 'crua']",1
293,"['are', 'you', 'losing', 'xquestionm', 'the', 'answer', 'would', 'amaze', 'you', 'xclaim']",1
294,"['last', 'time', 'you', 'spent', 'xdollar', 'did', 'u', 'make', 'xdollar', 'xcomma', 'xdigit', 'xcomma', 's', 'xquestionm', 'well', 'this', 'time', 'you', 'will', 'xdot', 'wju']",1
295,"['xequal', 'xquestionm', 'xexotic', 'xquestionm', 'q', 'xquestionm', 'xequal', 'xexotic', 'xequal', 'xexotic', 'xequal', 'xexotic', 'xequal', 'xexotic', 'xequal', 'xexotic', 'xequal', 'xexotic', 'xequal', 'xexotic', 'xequal', 'xexotic', 'xequal', 'dc', 'xequal', 'xexotic', 'xquestionm', 'xequal']",1
296,"['fortune', 'xdigit', 'work', 'at', 'home', 'reps', 'needed', 'xclaim']",1
297,"['holidays', 'are', 'coming', 'xquestionm']",1
298,"['never', 'pay', 'ebay', 'listing', 'fees', 'again', 'xclaim']",1
299,"['xlsquareb', 'wm', 'xrsquareb', 'green', 'card', 'cekls', 'kacirmayin']",1
300,"['newsletter', 'xexotic', 'xhyphen', 'septembre', 'xdigit']",1
301,"['the', 'tba', 'doctor', 'walks', 'the', 'walk', 'on', 'diabetes']",1
302,"['free', 'merchant', 'account', 'information', 'xaxft']",1
303,"['best', 'product', 'for', 'xdigit']",1
304,"['save', 'now']",1
305,"['not', 'too', 'old', 'to', 'put', 'out', 'xclaim', 'xdigit']",1
306,"['don', 'not', 'get', 'caught', 'by', 'rising', 'interest', 'rates', 'xdot']",1
307,"['request', 'for', 'mutually', 'benefitting', 'endeavour', 'xdot']",1
308,"['xlsquareb', 'ilug', 'xrsquareb', 'get', 'the', 'child', 'support', 'you', 'deserve', 'xdigit', 'xdot', 'xdigit']",1
309,"['warning', 'xcomma', 'your', 'computer', 'may', 'contain', 'a', 'virus', 'xclaim']",1
310,"['adv', 'xcomma', 'professional', 'teeth', 'whitening', 'at', 'home', 'xclaim', 'ovcnd']",1
311,"['account', 'xexotic', 'xdot', 'com']",1
312,"['the', 'tba', 'doctor', 'walks', 'the', 'walk', 'on', 'diabetes']",1
313,"['xasterisk', 'xasterisk', 'urgent', 'assistance', 'xasterisk', 'xasterisk']",1
314,"['xlsquareb', 'ilug', 'xrsquareb', 'earn', 'xdigit', 'xdot', 'xdollar', 'in', 'one', 'year', 'working', 'at', 'home']",1
315,"['are', 'you', 'ready', 'for', 'xdigit', 'xslash', 'xdigit', 'xslash', 'xdigit', 'xquestionm']",1
316,"['new', 'xcomma', 'easy', 'to', 'use', 'web', 'conferencing', 'software']",1
317,"['the', 'xquote', 'business', 'xhyphen', 'owner', 'friendly', 'xquote', 'pension', 'plan']",1
318,"['if', 'you', 'dont', 'xdot', 'xdot', 'xdot', 'your', 'competition', 'will', 'xclaim', 'xdigit']",1
319,"['xlsquareb', 'ilug', 'xrsquareb', 'award', 'notification']",1
320,"['place', 'your', 'ltc', 'declines', 'with', 'us']",1
321,"['fortune', 'xdigit', 'company', 'hiring', 'xcomma', 'at', 'home', 'reps', 'xdot']",1
322,"['zzzz', 'xcomma', 'all', 'new', 'xclaim', 'breast', 'enhancement']",1
323,"['urgent', 'assistance', 'xlbracket', 'confidential', 'xrbracket']",1
324,"['attn', 'xcomma', 'how', 'about', 'being', 'a', 'few', 'pounds', 'lighter', 'xquestionm', 'olibykn']",1
325,"['teach', 'and', 'grow', 'rich']",1
326,"['impaired', 'risk', 'case', 'of', 'the', 'month']",1
327,"['want', 'to', 'play', 'poker', 'with', 'other', 'people', 'online', 'xdot']",1
328,"['re', 'xcomma', 'instant', 'quote']",1
329,"['free', 'trial', 'xhyphen', 'last', 'stock', 'pick', 'up', 'xpercent', 'xdot', 'xdot', 'xdot', 'xdot', 'xdot', 'xdot', 'xdot', 'xdot', 'xdot', 'xdot', 'xdot', 'xdot', 'xdot', 'xdot', 'xdot', 'xdot', 'xdot', 'xdot', 'xdot', 'xdot', 'xdot', 'xdot', 'xdot', 'xdot', 'xdot', 'xdot', 'xdot', 'xdot', 'xdot', 'xdot', 'xdot', 'xdot', 'xdot', 'xdot', 'xdot', 'xdot', 'xdot', 'xdot', 'xdot', 'xdot', 'xdot', 'xdot', 'xdot', 'xdot', 'xdot', 'xdot', 'xdot', 'xdot', 'xdot', 'cqhcp']",1
330,"['customized', 'warez', 'cds']",1
331,"['adv', 'xcomma', 'interest', 'rates', 'slashed', 'xclaim', 'don', 'not', 'wait', 'xclaim', 'xoxun']",1
332,"['your', 'anticipated', 'assistant', 'is', 'required', 'xdot']",1
333,"['xdigit', 'minute', 'free', 'porn', 'movie']",1
334,"['xdot', 'xdot', 'kennst', 'mich', 'noch', 'xquestionm', 'nehrb']",1
335,"['fortune', 'xdigit', 'company', 'hiring', 'xcomma', 'at', 'home', 'reps', 'xdot']",1
336,"['order', 'your', 'viagra', 'and', 'weight', 'xhyphen', 'loss', 'here', 'xexotic', 'xhyphen', 'xhyphen', 'xdigit']",1
337,"['i', 'need', 'an', 'urgent', 'capable', 'assistance', 'xdot', 'tel', 'xcomma', 'xplus', 'xdigit', 'xdigit']",1
338,"['fw', 'xcomma', 'protect', 'your', 'computer', 'xcomma', 'you', 'need', 'systemworks', 'xclaim', 'dgywaog']",1
339,"['re', 'xcomma', 'what', 'a', 'night', 'xclaim']",1
340,"['earn', 'xdigit', 'xdot', 'xdollar', 'in', 'one', 'year', 'working', 'at', 'home']",1
341,"['mortgage', 'rates', 'are', 'down', 'xdot', 'ptjti']",1
342,"['impaired', 'risk', 'case', 'of', 'the', 'month']",1
343,"['xequal', 'xquestionm', 'xexotic', 'xquestionm', 'q', 'xquestionm', 'xequal', 'xexotic', 'xequal', 'xexotic', 'xequal', 'ac', 'xequal', 'dd', 'xequal', 'xexotic', 'xpipe', 'xequal', 'ab', 'xequal', 'xexotic', 'xequal', 'ae', 'xequal', 'ac', 'xquestionm', 'xequal']",1
344,"['best', 'news', 'yet']",1
345,"['wanna', 'see', 'me', 'get', 'fisted', 'xquestionm']",1
346,"['have', 'you', 'planned', 'for', 'your', 'family', 'future', 'xquestionm', 'zbm']",1
347,['investment'],1
348,"['webdesignhq', 'newsletter']",1
349,"['xlsquareb', 'satalk', 'xrsquareb', 'xasterisk', 'xasterisk', 'urgent', 'assistance', 'xasterisk', 'xasterisk']",1
350,"['xexotic', 'xcomma', 'mis', 'xhyphen', 'information', 'and', 'fraud']",1
351,"['enenkio', 'truth', 'xlbracket', 'answers', 'xrbracket']",1
352,"['death', 'of', 'the', 'monarch', 'of', 'the', 'kingdom', 'of', 'enenkio']",1
353,"['issuance', 'of', 'gold', 'stamps']",1
354,"['advance', 'your', 'career', 'and', 'find', 'a', 'great', 'job', 'xclaim']",1
355,"['take', 'advantage', 'of', 'viral', 'marketing']",1
356,"['xlsquareb', 'xrsquareb', 'ߴ', 'best', 'xdigit', 'xampersand', 'ڰ', 'ǳ']",1
357,"['go', 'get', 'em', 'gadgets', 'of', 'xdigit', 'xexotic', 'xhyphen', 'xhyphen', 'xdigit']",1
358,"['xlsquareb', 'ilug', 'xhyphen', 'social', 'xrsquareb', 'need', 'a', 'credit', 'card', 'xquestionm']",1
359,"['save', 'xdollar', 'even', 'if', 'you', 'have', 'xexotic', 'xdigit']",1
360,"['private', 'label', 'reseller', 'hosting', 'xhyphen', 'expires', 'xdigit', 'xslash', 'xdigit', 'xslash', 'xdigit']",1
361,"['half', 'price', 'cigarettes', 'and', 'tobacco']",1
362,"['xasterisk', 'do', 'your', 'butt', 'xcomma', 'hips', 'and', 'thighs', 'embarrass', 'you', 'xquestionm', 'xasterisk']",1
363,"['xlsquareb', 'ilug', 'xhyphen', 'social', 'xrsquareb', 're', 'xcomma', 'how', 'to', 'register', 'one', 'of', 'the', 'new', 'domain', 'extensions']",1
364,"['xexotic', 'ready', 'to', 'bare', 'for', 'you', 'xclaim']",1
365,"['discount', 'smokes']",1
366,"['incredible', 'pictures', 'xclaim', 'xclaim', 'xclaim', 'xclaim', 'xclaim', 'xclaim', 'xclaim', 'xclaim']",1
367,"['xlsquareb', 'ilug', 'xhyphen', 'social', 'xrsquareb', 'my', 'webcam', 'is', 'on', 'babe', 'xclaim']",1
368,"['xlsquareb', 'ilug', 'xrsquareb', 'garden', 'ornaments', 'xpipe', 'mvcmv']",1
369,"['attn', 'xcomma', 'targeted', 'email', 'addresses']",1
370,"['better', 'sex', 'for', 'xdollar', 'xdot', 'xdigit', 'until', 'xdigit', 'xslash', 'xdigit', 'xslash', 'xdigit', 'xclaim', 'xclaim', 'xclaim', 'xclaim']",1
371,"['fwd', 'xcomma', 'norton', 'systemworks', 'clearance', 'sale', 'xunderscore', 'only', 'xdollar', 'xdot', 'xdigit', 'xexotic', 'xhyphen', 'xexotic', 'xhyphen', 'xdigit']",1
372,"['xdollar', 'a', 'hour', 'for', 'watching', 'e', 'xhyphen', 'mmercials', 'xclaim', 'no', 'joke', 'xclaim']",1
373,"['xlsquareb', 'ilug', 'xhyphen', 'social', 'xrsquareb', 'low', 'price', 'tobacco']",1
374,"['funds', 'investment']",1
375,"['fw', 'xcomma', 'focus', 'on', 'value']",1
376,"['fwd', 'xcomma', 'systemworks', 'clearance', 'sale', 'xunderscore', 'only', 'xdollar', 'xdot', 'xdigit']",1
377,"['fw', 'xcomma', 'washington', 'wire']",1
378,"['competitive', 'mortgage', 'rates']",1
379,"['tired', 'of', 'paying', 'big', 'bucks', 'for', 'cable']",1
380,"['adv', 'xcomma', 'extended', 'auto', 'warranties', 'here', 'vfafu']",1
381,"['you', 'can', 'watch', 'me']",1
382,"['need', 'to', 'find', 'something', 'xquestionm']",1
383,"['still', 'looking', 'for', 'a', 'house', 'xquestionm']",1
384,"['don', 'not', 'proscrastinate', 'xdot', 'xdot', 'xdot', 'it', 'only', 'xdollar', 'xdot', 'xdigit', 'per', 'year']",1
385,"['wir', 'suchen', 'erotikdarsteller', 'xclaim']",1
386,"['is', 'your', 'family', 'protected', 'xquestionm']",1
387,"['shop', 'your', 'loan', 'to', 'lenders', 'for', 'the', 'best', 'rate', 'otq']",1
388,"['re', 'xcomma', 'your', 'bank', 'account']",1
389,"['xequal', 'xquestionm', 'xexotic', 'xquestionm', 'q', 'xquestionm', 're', 'xcomma', 'xequal', 'xexotic', 'xequal', 'adn', 'xequal', 'adp', 'xequal', 'xexotic', 'xcomma', 'xequal', 'xexotic', 'xequal', 'xexotic', 'xequal', 'xexotic', 'xequal', 'adn', 'xequal', 'xexotic', 'xequal', 'xexotic', 'xequal', 'xexotic', 'xequal', 'xexotic', 'xlsquareb', 'xquestionm', 'xequal']",1
390,"['look', 'what', 'sandy', 'is', 'doing', 'in', 'her', 'dorm', 'xclaim', 'xclaim']",1
391,"['adv', 'xcomma', 'internet', 'marketing', 'xampersand', 'xexotic', 'earn', 'xdollar', 'xslash', 'year', 'xdot', 'xdot', 'xdot', 'uleio']",1
392,"['you', 'can', 'gain', 'from', 'lowest', 'interest', 'rates', 'in', 'xdigit', 'years']",1
393,"['sexabenteuer', 'gefllig', 'xquestionm']",1
394,"['incredible', 'pictures', 'xclaim', 'xclaim', 'xclaim', 'xclaim', 'xclaim', 'xclaim', 'xclaim', 'xclaim']",1
395,"['adv', 'xcomma', 'mortgage', 'quotes', 'fast', 'online', 'xcomma', 'no', 'cost']",1
396,"['printer', 'cartridges', 'as', 'low', 'as', 'xdollar', 'xdot', 'xdigit', 'each', 'xclaim']",1
397,"['play', 'a', 'hilarious', 'phone', 'prank']",1
398,"['special', 'affiliate', 'offers', 'from', 'amazon', 'xdot', 'com', 'xclaim']",1
399,"['xlsquareb', 'ilug', 'xrsquareb', 'assistance']",1
400,"['ebay', 'xcomma', 'be', 'debt', 'free', 'by', 'xdigit', 'xclaim', 'xdigit']",1
401,"['attn', 'xcomma', 'norton', 'systemworks', 'xdigit', 'blowout', 'xclaim', 'qhzhc']",1
402,"['how', 'many', 'xquote', 'inches', 'xquote', 'do', 'you', 'need', 'to', 'satisfy', 'a', 'woman', 'in', 'bed', 'xquestionm']",1
403,"['yeni', 'srmde']",1
404,"['membership', 'renewal']",1
405,"['hi', 'xcomma', 'low', 'price', 'inkjet', 'cartridges', 'bvax']",1
406,"['future', 'business', 'ѻس', 'xclaim']",1
407,"['fwd', 'xcomma', 'direct', 'marketing', 'is', 'working', 'xdigit']",1
408,"['plans', 'for', 'cable']",1
409,"['order', 'your', 'viagra', 'and', 'weight', 'xhyphen', 'loss', 'here', 'xexotic', 'xhyphen', 'xhyphen', 'xdigit']",1
410,"['have', 'you', 'dreamed', 'of', 'your', 'own', 'home', 'based', 'business', 'xquestionm', 'eiexvv']",1
411,"['xlsquareb', 'ilug', 'xrsquareb', 'please', 'kindly', 'get', 'back', 'to', 'me']",1
412,"['huge', 'natural', 'tits']",1
413,"['zzzz', 'xcomma', 'is', 'your', 'web', 'site', 'making', 'money', 'xclaim', 'xdigit', 'xcomma', 'xdigit', 'xcomma', 'xdigit', 'pm', 'xdigit', 'xslash', 'xdigit', 'xslash', 'xdigit']",1
414,"['free', 'cell', 'phone', 'xplus', 'xdollar', 'cash', 'back', 'xclaim']",1
415,"['adv', 'xcomma', 'harvest', 'lots', 'of', 'e', 'xhyphen', 'mail', 'addresses', 'quickly', 'xclaim']",1
416,"['re', 'xcomma', 'xlsquareb', 'xdigit', 'xrsquareb', 'save', 'over', 'xdollar', 'on', 'this', 'exquisite', 'software', 'suite', 'xdot', 'fts']",1
417,"['a', 'cry', 'for', 'help']",1
418,"['guaranteed', 'to', 'lose', 'xdigit', 'xhyphen', 'xdigit', 'lbs', 'in', 'xdigit', 'days', 'xdigit', 'xdot', 'xdigit']",1
419,"['career', 'opportunity', 'xdot', 'work', 'from', 'home']",1
420,"['tell', 'me', 'where', 'to', 'send', 'your', 'health', 'card']",1
421,"['the', 'best', 'just', 'got', 'better']",1
422,"['xexotic', 'phone', 'belt', 'clips', 'xdollar', 'xdot', 'xexotic', 'xdigit']",1
423,"['xasterisk', 'xasterisk', 'you', 'are', 'xhyphen', 'approved', 'xhyphen', 'xclaim']",1
424,"['xequal', 'xquestionm', 'xexotic', 'xquestionm', 'b', 'xquestionm', 'xexotic', 'xplus', 'xexotic', 'xslash', 'xexotic', 'xquestionm', 'xequal']",1
425,"['re', 'xcomma', 'hi']",1
426,"['congratulations', 'on', 'your', 'xdigit', 'new', 'signups']",1
427,"['re', 'xcomma', 'protect', 'your', 'computer', 'against', 'harmful', 'viruses', 'xclaim', 'xdigit']",1
428,"['what', 'warren', 'buffett', 'won', 'not', 'tell', 'ya', 'xdot', 'xdot', 'xdot']",1
429,"['internet', 'news', 'feeds', 'for', 'executives', 'dfvht']",1
430,"['xlsquareb', 'ilug', 'xrsquareb', 'bank', 'error', 'in', 'your', 'favor']",1
431,"['custom', 'warez', 'cds']",1
432,"['teach', 'and', 'grow', 'rich']",1
433,['faeries'],1
434,"['re', 'xcomma', 'this', 'weekend']",1
435,"['free', 'xexotic', 'baby', 'makers', 'xcomma', 'loser', 'choosers', 'xcomma', 'xampersand', 'welfare', 'abusers', 'xdot', 'xdot', 'xdot', 'images', 'of', 'my', 'america', 'xclaim']",1
436,"['xdollar', 'xcomma', 'xdigit', 'xdot', 'xdot', 'xdot', 'as', 'low', 'as', 'xdollar', 'xdot', 'xdigit', 'per', 'month', 'xdot', 'edahx']",1
437,"['fortune', 'xdigit', 'company', 'hiring', 'xcomma', 'at', 'home', 'reps', 'xdot']",1
438,"['cyberage', 'dating', 'xhyphen', 'invitation', 'from', 'jenny']",1
439,"['adv', 'xcomma', 'lowest', 'life', 'insurance', 'rates', 'available', 'xclaim', 'pzcby']",1
440,"['re', 'xcomma', 'you', 'want', 'sex', 'xquestionm', 'xexotic', 'xhyphen', 'xexotic', 'xhyphen', 'xdigit', 'xhyphen', 'xdigit']",1
441,"['re', 'xcomma', 'systemworks', 'clearance', 'sale', 'xunderscore', 'only', 'xdollar', 'xdot', 'xdigit', 'xexotic', 'xhyphen', 'xdigit']",1
442,"['lenders', 'will', 'compete', 'for', 'your', 'mortgage', 'ivx']",1
443,"['seeking', 'your', 'partnership']",1
444,"['xlsquareb', 'ilug', 'xrsquareb', 'assistance', 'needed']",1
445,"['hgh', 'xcomma', 'safe', 'and', 'effective', 'release', 'of', 'your', 'own', 'growth', 'hormone', 'xclaim', 'xdigit']",1
446,"['membership', 'status', 'notification']",1
447,"['business', 'proposal', 'xdot']",1
448,"['toners', 'and', 'inkjet', 'cartridges', 'for', 'less', 'xdot', 'xdot', 'xdot', 'xdot', 'bsjmcoik']",1
449,"['adv', 'xcomma', 'are', 'you', 'protected', 'xquestionm', 'free', 'life', 'insurance', 'quote', 'oefik']",1
450,"['msnbc', 'xcomma', 'rates', 'hit', 'xdigit', 'year', 'low', 'xdigit', 'xdot', 'xpercent', 'xdot', 'xdot', 'xdot', 'xdigit']",1
451,"['never', 'pay', 'for', 'the', 'goodz', 'again', 'xlbracket', 'xexotic', 'xrbracket']",1
452,"['we', 'buy', 'renewal', 'commissions']",1
453,"['the', 'flight', 'to', 'safety', 'is', 'upon', 'us']",1
454,"['xlsquareb', 'ilug', 'xrsquareb', 'create', 'a', 'paycheck', 'with', 'your', 'computer', 'and', 'enjoy', 'cheap', 'isp', 'xampersand', 'shopping', 'discount', 'xdot']",1
455,"['friendsearch', 'and', 'zzzzason', 'xdot', 'org', 'partnership']",1
456,"['mothers', 'you', 'want', 'to', 'fuck']",1
457,"['got', 'plans', 'tonight', 'xquestionm']",1
458,"['fwd', 'xcomma', 'norton', 'makes', 'the', 'best', 'software', 'available', 'xcomma', 'now', 'only', 'xdollar', 'xdot', 'xdigit', 'xclaim', 'xdigit']",1
459,"['life', 'insurance', 'quotes', 'without', 'the', 'hassle', 'xdot', 'xdot', 'xdot', 'jhiwns']",1
460,"['attn', 'xcomma', 'norton', 'systemworks', 'xdigit', 'clearance', 'sale', 'xclaim', 'vojtgt']",1
461,"['memory', 'loss', 'xquestionm']",1
462,"['iraq', 'today', 'daily', 'news', 'xhyphen', 'free', 'trial']",1
463,"['english', 'well', 'for', 'you', 'xquestionm']",1
464,"['zzzz', 'xcomma', 'hello']",1
465,"['adv', 'xcomma', 'lowest', 'rates', 'available', 'on', 'term', 'life', 'xhyphen', 'free', 'quote', 'ihsxq']",1
466,"['get', 'the', 'child', 'support', 'you', 'deserve', 'xdigit', 'xdot', 'xdigit']",1
467,"['more', 'cash', 'for', 'the', 'business', 'you', 'already', 'write', 'xhyphen', 'immediately']",1
468,"['lease', 'deal']",1
469,"['zzzz', 'xcomma', 'increase', 'your', 'breast', 'size', 'xdot', 'xpercent', 'safe', 'xclaim']",1
470,"['best', 'product', 'for', 'xdigit']",1
471,"['fw', 'xcomma', 'norton', 'systemworks', 'xdigit', 'clearance', 'sale', 'xclaim', 'xdigit']",1
472,"['xlsquareb', 'ilug', 'xrsquareb', 'xlbracket', 'no', 'subject', 'xrbracket']",1
473,"['xequal', 'xquestionm', 'iso', 'xhyphen', 'xdigit', 'xhyphen', 'jp', 'xquestionm', 'b', 'xquestionm', 'xexotic', 'xquestionm', 'xequal']",1
474,"['xdollar', 'xcomma', 'xdigit', 'for', 'only', 'xdollar', 'xdot', 'xdigit', 'per', 'month', 'xdot', 'qkdjtqsscr']",1
475,"['new', 'stock', 'pick', 'xcomma', 'bban', 'xhyphen', 'last', 'pick', 'up', 'xpercent', 'xdot', 'xdot', 'xdot', 'xdot', 'xdot', 'xdot', 'xdot', 'xdot', 'xdot', 'xdot', 'xdot', 'xdot', 'xdot', 'xdot', 'xdot', 'xdot', 'xdot', 'xdot', 'xdot', 'xdot', 'xdot', 'xdot', 'xdot', 'xdot', 'xdot', 'xdot', 'xdot', 'xdot', 'xdot', 'xdot', 'xdot', 'xdot', 'xdot', 'xdot', 'xdot', 'xdot', 'xdot', 'xdot', 'xdot', 'xdot', 'xdot', 'xdot', 'gsg']",1
476,"['sometimes', 'less', 'is', 'more', 'xdot', 'xdot', 'xdot']",1
477,"['low', 'cost', 'easy', 'to', 'use', 'conferencing']",1
478,"['conference', 'calls', 'xslash', 'best', 'quality', 'xslash', 'xdollar', 'xdot', 'xdigit', 'per', 'minute', 'xclaim']",1
479,"['xlsquareb', 'ilug', 'xrsquareb', 'michael', 'xclaim', 'ilug']",1
480,"['xlsquareb', 'xrsquareb', 'ߴ', 'best', 'xdigit', 'xampersand', 'ڰ', 'ǳ']",1
481,"['look', 'what', 'sandy', 'is', 'doing', 'in', 'her', 'dorm', 'xclaim', 'xclaim']",1
482,"['protect', 'your', 'information', 'and', 'your', 'computer']",1
483,"['xequal', 'xquestionm', 'iso', 'xhyphen', 'xdigit', 'xhyphen', 'jp', 'xquestionm', 'b', 'xquestionm', 'gyrctcq', 'xplus', 'xexotic', 'xquestionm', 'xequal']",1
484,"['i', 'was', 'so', 'scared', 'xdot', 'xdot', 'xdot', 'my', 'very', 'first', 'dp']",1
485,"['low', 'cost', 'quality', 'conference', 'calls']",1
486,"['re', 'xcomma', 'xlsquareb', 'xdigit', 'xrsquareb', 'save', 'over', 'xdollar', 'on', 'this', 'exquisite', 'software', 'suite', 'xdot', 'xdigit']",1
487,"['xlsquareb', 'wm', 'xrsquareb', 'greencard', 'xdigit', 'ekiliini', 'karmayn']",1
488,"['how', 'would', 'you', 'like', 'to', 'create', 'your', 'own', 'dvd', 'library', 'xquestionm', 'xexotic', 'xhyphen', 'xdigit']",1
489,"['xdollar', 'xdot', 'xdigit', 'per', 'year', 'domain', 'names']",1
490,"['online', 'catalog', 'of', 'articles', 'xcomma', 'adult', 'toys', 'xexotic', 'xhyphen', 'xexotic', 'xhyphen', 'xdigit']",1
491,"['zzzz', 'xcomma', 'do', 'we', 'have', 'your', 'money', 'xquestionm']",1
492,"['re', 'xcomma', 'your', 'vip', 'pass']",1
493,"['pru', 'life', 'ul', 'portfolio', 'rocks']",1
494,"['guaranteed', 'best', 'mortgage', 'rate']",1
495,"['xlsquareb', 'ilug', 'xrsquareb', 'do', 'not', 'drop', 'your', 'life', 'insurance']",1
496,"['you', 'don', 'not', 'satisfy', 'me', 'fgtpril']",1
497,"['re', 'xcomma', 'your', 'bank', 'account']",1
498,"['xlsquareb', 'scoop', 'xrsquareb', 'haberdar', 'olun']",1
499,"['have', 'tax', 'problems', 'xquestionm']",1
500,"['xhyphen', 'custom', 'websites', 'for', 'xdollar', 'complete', 'xclaim', 'xlbracket', 'xexotic', 'xrbracket']",1
501,"['see', 'your', 'company', 'sales', 'sky', 'rocket', 'xdot', 'xdigit']",1
502,"['adv', 'xcomma', 'lowest', 'life', 'insurance', 'rates', 'available', 'xclaim', 'moode']",1
